Timestamp,ActiveUsers,ServerLoad,TrafficValue
2026-01-07T18:56:11.792Z,778,77,109
2026-01-07T18:56:10.791Z,774,72,69
2026-01-07T18:56:09.790Z,775,73,77
2026-01-07T18:56:08.788Z,777,78,108
2026-01-07T18:56:07.788Z,775,76,74
2026-01-07T18:56:06.789Z,774,74,102
2026-01-07T18:56:05.788Z,779,71,128
2026-01-07T18:56:04.786Z,774,67,94
2026-01-07T18:56:03.786Z,773,67,143
2026-01-07T18:56:02.782Z,775,64,141
2026-01-07T18:56:01.786Z,771,59,60
2026-01-07T18:56:00.784Z,771,62,102
2026-01-07T18:55:59.781Z,767,64,134
2026-01-07T18:55:58.782Z,768,67,137
2026-01-07T18:55:57.781Z,766,64,71
2026-01-07T18:55:56.781Z,765,61,102
2026-01-07T18:55:55.780Z,764,57,142
2026-01-07T18:55:55.015Z,764,52,129
2026-01-07T18:55:54.778Z,759,51,52
2026-01-07T18:55:53.777Z,756,55,137
2026-01-07T18:55:53.554Z,757,50,55
2026-01-07T18:55:52.779Z,753,48,95
2026-01-07T18:55:51.782Z,755,50,107
2026-01-07T18:55:50.777Z,754,46,136
2026-01-07T18:55:49.773Z,752,41,79
2026-01-07T18:55:48.772Z,755,44,147
2026-01-07T18:55:47.775Z,755,41,52
2026-01-07T18:55:46.771Z,751,36,112
2026-01-07T18:55:45.770Z,756,33,129
2026-01-07T18:55:44.768Z,757,33,141
2026-01-07T18:55:43.768Z,756,29,138
2026-01-07T18:55:42.768Z,761,31,104
2026-01-07T18:55:41.776Z,760,31,69
2026-01-07T18:54:18.132Z,756,28,90
2026-01-07T18:54:17.132Z,755,33,88
2026-01-07T18:54:16.132Z,756,32,60
2026-01-07T18:54:15.131Z,752,36,70
2026-01-07T18:54:14.131Z,757,32,58
2026-01-07T18:54:13.129Z,760,37,81
2026-01-07T18:54:12.128Z,756,41,136
2026-01-07T18:54:11.126Z,756,39,133
2026-01-07T18:54:10.126Z,758,34,97
2026-01-07T18:54:09.126Z,761,36,56
2026-01-07T18:54:08.125Z,756,37,109
2026-01-07T18:54:07.126Z,757,33,93
2026-01-07T18:54:06.126Z,755,30,143
2026-01-07T18:54:05.125Z,754,27,144
2026-01-07T18:54:04.125Z,759,25,130
2026-01-07T18:54:03.120Z,755,26,93
2026-01-07T18:54:02.123Z,751,29,109
2026-01-07T18:54:01.121Z,749,34,135
2026-01-07T18:54:00.121Z,754,37,62
2026-01-07T18:53:59.122Z,756,36,88
2026-01-07T18:53:58.121Z,751,37,50
2026-01-07T18:53:57.119Z,746,39,87
2026-01-07T18:53:56.118Z,744,42,136
2026-01-07T18:53:55.118Z,746,43,89
2026-01-07T18:53:54.118Z,744,48,51
2026-01-07T18:53:53.118Z,740,48,147
2026-01-07T18:53:52.117Z,738,52,122
2026-01-07T18:53:51.118Z,738,51,108
2026-01-07T18:53:50.118Z,743,47,121
2026-01-07T18:53:49.118Z,745,42,123
2026-01-07T18:53:48.117Z,740,42,65
2026-01-07T18:53:47.116Z,738,41,65
2026-01-07T18:53:46.114Z,738,36,50
2026-01-07T18:53:45.112Z,742,35,52
2026-01-07T18:53:44.110Z,737,38,93
2026-01-07T18:53:43.110Z,739,36,94
2026-01-07T18:53:42.111Z,742,40,51
2026-01-07T18:53:41.110Z,739,37,121
2026-01-07T18:53:40.108Z,741,35,118
2026-01-07T18:53:39.109Z,738,37,82
2026-01-07T18:53:38.107Z,741,37,95
2026-01-07T18:53:37.106Z,745,34,144
2026-01-07T18:53:36.108Z,740,37,134
2026-01-07T18:53:35.107Z,741,40,127
2026-01-07T18:53:34.106Z,746,45,77
2026-01-07T18:53:33.105Z,751,41,128
2026-01-07T18:53:32.103Z,754,37,137
2026-01-07T18:53:31.102Z,757,37,80
2026-01-07T18:53:30.098Z,755,32,125
2026-01-07T18:53:29.101Z,750,36,124
2026-01-07T18:53:28.096Z,747,41,87
2026-01-07T18:53:27.096Z,750,37,110
2026-01-07T18:53:26.518Z,747,33,106
2026-01-07T18:53:25.087Z,748,34,135
2026-01-07T18:53:24.081Z,750,29,60
2026-01-07T18:53:23.081Z,754,33,105
2026-01-07T18:53:22.080Z,752,38,118
2026-01-07T18:53:21.080Z,754,33,136
2026-01-07T18:53:20.079Z,750,33,146
2026-01-07T18:53:19.074Z,750,37,122
2026-01-07T18:53:18.072Z,750,39,50
2026-01-07T18:53:17.075Z,749,35,80
2026-01-07T18:53:16.072Z,746,30,81
2026-01-07T18:53:15.073Z,741,26,111
2026-01-07T18:53:14.072Z,740,31,82
2026-01-07T18:53:13.071Z,737,35,72
2026-01-07T18:53:12.068Z,734,35,85
2026-01-07T18:53:11.070Z,733,33,126
2026-01-07T18:53:10.069Z,729,36,91
2026-01-07T18:53:09.068Z,726,34,136
2026-01-07T18:53:08.070Z,730,30,76
2026-01-07T18:53:07.066Z,735,32,137
2026-01-07T18:53:06.066Z,734,32,59
2026-01-07T18:53:05.065Z,735,31,89
2026-01-07T18:53:04.066Z,737,30,145
2026-01-07T18:53:03.064Z,735,27,125
2026-01-07T18:53:02.064Z,734,23,75
2026-01-07T18:53:01.063Z,730,24,149
2026-01-07T18:53:00.061Z,733,21,96
2026-01-07T18:52:59.061Z,728,17,86
2026-01-07T18:52:58.063Z,729,13,96
2026-01-07T18:52:57.059Z,725,18,80
2026-01-07T18:52:56.059Z,720,20,84
2026-01-07T18:52:55.057Z,722,25,68
2026-01-07T18:52:54.057Z,724,22,110
2026-01-07T18:52:53.057Z,728,22,52
2026-01-07T18:52:52.056Z,733,21,137
2026-01-07T18:52:51.058Z,728,25,58
2026-01-07T18:52:50.056Z,732,20,101
2026-01-07T18:52:49.055Z,731,20,103
2026-01-07T18:52:48.054Z,729,20,60
2026-01-07T18:52:47.054Z,727,20,55
2026-01-07T18:52:46.054Z,730,21,124
2026-01-07T18:52:45.055Z,733,21,66
2026-01-07T18:52:44.054Z,730,18,93
2026-01-07T18:52:43.053Z,731,18,83
2026-01-07T18:52:42.051Z,733,22,136
2026-01-07T18:52:41.051Z,731,23,100
2026-01-07T18:52:40.050Z,731,28,108
2026-01-07T18:52:39.048Z,731,25,112
2026-01-07T18:52:38.049Z,732,24,66
2026-01-07T18:52:37.047Z,728,27,118
2026-01-07T18:52:36.047Z,731,24,75
2026-01-07T18:52:35.048Z,730,23,88
2026-01-07T18:52:34.047Z,730,21,107
2026-01-07T18:52:33.046Z,735,25,134
2026-01-07T18:52:32.048Z,739,27,120
2026-01-07T18:52:31.044Z,737,28,102
2026-01-07T18:52:30.047Z,733,28,58
2026-01-07T18:52:29.044Z,737,25,113
2026-01-07T18:52:28.041Z,737,28,121
2026-01-07T18:52:27.043Z,740,32,119
2026-01-07T18:52:26.043Z,736,36,77
2026-01-07T18:52:25.043Z,739,41,112
2026-01-07T18:52:24.044Z,742,43,131
2026-01-07T18:52:23.041Z,741,48,88
2026-01-07T18:52:22.040Z,746,44,126
2026-01-07T18:52:21.038Z,742,44,92
2026-01-07T18:52:20.037Z,744,39,84
2026-01-07T18:52:19.036Z,745,41,128
2026-01-07T18:52:18.035Z,740,38,66
2026-01-07T18:52:17.036Z,738,38,97
2026-01-07T18:52:16.034Z,733,42,86
2026-01-07T18:52:15.035Z,733,37,59
2026-01-07T18:52:14.033Z,730,41,77
2026-01-07T18:52:13.033Z,727,40,94
2026-01-07T18:52:12.031Z,726,38,68
2026-01-07T18:52:11.030Z,728,33,110
2026-01-07T18:52:10.029Z,733,37,99
2026-01-07T18:52:09.029Z,729,34,111
2026-01-07T18:52:08.028Z,732,29,93
2026-01-07T18:52:07.027Z,734,33,63
2026-01-07T18:52:06.023Z,731,30,109
2026-01-07T18:52:05.025Z,733,29,149
2026-01-07T18:52:04.023Z,735,33,138
2026-01-07T18:52:03.022Z,735,31,95
2026-01-07T18:52:02.022Z,737,29,59
2026-01-07T18:52:01.021Z,741,25,83
2026-01-07T18:52:00.020Z,743,23,68
2026-01-07T18:51:59.019Z,740,27,124
2026-01-07T18:51:58.018Z,743,32,136
2026-01-07T18:51:57.019Z,744,37,86
2026-01-07T18:51:56.017Z,747,41,79
2026-01-07T18:51:55.016Z,750,40,142
2026-01-07T18:51:54.017Z,749,40,99
2026-01-07T18:51:53.015Z,754,36,98
2026-01-07T18:51:52.013Z,751,35,110
2026-01-07T18:51:51.012Z,748,37,63
2026-01-07T18:51:50.013Z,753,36,66
2026-01-07T18:51:49.012Z,756,34,82
2026-01-07T18:51:48.012Z,751,34,110
2026-01-07T18:51:47.008Z,751,37,132
2026-01-07T18:51:46.015Z,756,32,72
2026-01-07T18:51:45.027Z,759,27,145
2026-01-07T18:51:44.007Z,759,31,113
2026-01-07T18:51:43.005Z,764,27,66
2026-01-07T18:51:42.006Z,760,29,145
2026-01-07T18:51:41.792Z,762,28,120
2026-01-07T18:51:41.005Z,758,33,126
2026-01-07T18:51:40.025Z,762,38,140
2026-01-07T18:50:30.279Z,760,33,87
2026-01-07T18:50:29.276Z,765,29,59
2026-01-07T18:50:28.276Z,769,29,79
2026-01-07T18:50:27.276Z,768,31,149
2026-01-07T18:50:26.274Z,769,32,113
2026-01-07T18:50:25.274Z,765,36,68
2026-01-07T18:50:24.275Z,764,38,76
2026-01-07T18:50:23.270Z,760,34,103
2026-01-07T18:50:22.270Z,765,29,113
2026-01-07T18:50:21.272Z,766,28,134
2026-01-07T18:50:20.271Z,768,31,107
2026-01-07T18:50:19.268Z,765,27,78
2026-01-07T18:50:18.267Z,770,29,89
2026-01-07T18:50:17.266Z,769,31,120
2026-01-07T18:50:16.267Z,770,29,81
2026-01-07T18:50:15.264Z,769,30,112
2026-01-07T18:50:14.261Z,764,25,142
2026-01-07T18:50:13.263Z,769,30,144
2026-01-07T18:50:12.264Z,773,32,89
2026-01-07T18:50:11.258Z,776,28,73
2026-01-07T18:50:10.258Z,777,29,50
2026-01-07T18:50:09.258Z,776,33,124
2026-01-07T18:50:08.257Z,780,30,66
2026-01-07T18:50:07.255Z,784,33,77
2026-01-07T18:50:06.255Z,788,29,53
2026-01-07T18:50:05.255Z,784,34,115
2026-01-07T18:50:04.254Z,783,30,137
2026-01-07T18:50:03.252Z,782,25,75
2026-01-07T18:50:02.252Z,785,23,92
2026-01-07T18:50:01.253Z,787,26,130
2026-01-07T18:50:00.251Z,787,26,140
2026-01-07T18:49:59.249Z,788,30,91
2026-01-07T18:49:58.249Z,791,30,98
2026-01-07T18:49:57.247Z,794,27,77
2026-01-07T18:49:56.247Z,795,22,59
2026-01-07T18:49:55.248Z,797,25,94
2026-01-07T18:49:54.245Z,798,24,68
2026-01-07T18:49:53.247Z,794,23,130
2026-01-07T18:49:52.251Z,793,18,129
2026-01-07T18:49:51.247Z,794,16,52
2026-01-07T18:49:50.246Z,798,19,98
2026-01-07T18:49:49.245Z,797,14,142
2026-01-07T18:49:48.243Z,794,11,82
2026-01-07T18:49:47.240Z,789,8,56
2026-01-07T18:49:46.242Z,792,10,102
2026-01-07T18:49:45.240Z,793,6,140
2026-01-07T18:49:44.238Z,795,9,138
2026-01-07T18:49:43.238Z,799,5,85
2026-01-07T18:49:42.237Z,798,5,53
2026-01-07T18:49:41.235Z,798,8,87
2026-01-07T18:49:40.244Z,799,6,101
2026-01-07T18:49:39.233Z,801,6,144
2026-01-07T18:49:38.235Z,802,8,138
2026-01-07T18:49:37.233Z,801,6,142
2026-01-07T18:49:36.232Z,802,10,115
2026-01-07T18:49:35.232Z,807,9,133
2026-01-07T18:49:34.229Z,809,14,101
2026-01-07T18:49:33.229Z,810,17,94
2026-01-07T18:49:32.228Z,811,15,66
2026-01-07T18:49:31.228Z,813,12,126
2026-01-07T18:49:30.228Z,810,13,112
2026-01-07T18:49:29.228Z,812,12,88
2026-01-07T18:49:28.226Z,813,14,127
2026-01-07T18:49:27.226Z,813,12,91
2026-01-07T18:49:26.223Z,818,17,141
2026-01-07T18:49:25.224Z,823,12,90
2026-01-07T18:49:24.223Z,818,9,87
2026-01-07T18:49:23.222Z,813,8,97
2026-01-07T18:49:22.218Z,818,7,75
2026-01-07T18:49:21.220Z,814,8,102
2026-01-07T18:49:20.220Z,818,13,86
2026-01-07T18:49:19.217Z,815,15,112
2026-01-07T18:49:18.218Z,820,15,58
2026-01-07T18:49:17.218Z,823,13,92
2026-01-07T18:49:16.215Z,828,15,68
2026-01-07T18:49:15.214Z,829,20,87
2026-01-07T18:49:14.214Z,831,18,109
2026-01-07T18:49:13.215Z,836,22,123
2026-01-07T18:49:12.215Z,834,20,80
2026-01-07T18:49:11.212Z,835,19,146
2026-01-07T18:49:10.214Z,834,14,105
2026-01-07T18:49:09.211Z,834,13,92
2026-01-07T18:49:08.215Z,829,10,141
2026-01-07T18:49:07.212Z,832,11,60
2026-01-07T18:49:06.209Z,836,10,82
2026-01-07T18:49:05.209Z,839,12,141
2026-01-07T18:49:04.209Z,840,11,142
2026-01-07T18:49:03.209Z,839,13,149
2026-01-07T18:49:02.207Z,836,12,92
2026-01-07T18:49:01.207Z,838,8,59
2026-01-07T18:49:00.207Z,841,6,80
2026-01-07T18:48:59.204Z,843,9,124
2026-01-07T18:48:58.202Z,843,10,132
2026-01-07T18:48:57.201Z,841,12,56
2026-01-07T18:48:56.201Z,839,11,89
2026-01-07T18:48:55.214Z,834,7,148
2026-01-07T18:48:54.199Z,838,4,53
2026-01-07T18:48:53.199Z,843,0,90
2026-01-07T18:48:52.200Z,843,3,51
2026-01-07T18:48:51.199Z,846,5,85
2026-01-07T18:48:50.198Z,846,3,87
2026-01-07T18:48:49.199Z,846,8,51
2026-01-07T18:48:48.197Z,850,3,86
2026-01-07T18:48:47.194Z,852,0,108
2026-01-07T18:48:47.175Z,847,2,57
2026-01-07T18:48:46.194Z,852,5,72
2026-01-07T18:48:45.195Z,851,0,124
2026-01-07T18:48:44.191Z,855,0,104
2026-01-07T18:48:43.192Z,855,0,124
2026-01-07T18:48:42.190Z,860,5,139
2026-01-07T18:48:41.190Z,865,9,98
2026-01-07T18:48:40.190Z,866,4,81
2026-01-07T18:48:39.187Z,862,4,72
2026-01-07T18:48:38.189Z,857,8,67
2026-01-07T18:48:37.184Z,862,9,136
2026-01-07T18:48:36.186Z,866,8,149
2026-01-07T18:48:35.184Z,869,3,122
2026-01-07T18:48:34.184Z,864,0,60
2026-01-07T18:48:33.183Z,864,3,78
2026-01-07T18:48:32.182Z,863,3,132
2026-01-07T18:48:31.181Z,866,7,50
2026-01-07T18:48:30.180Z,863,10,132
2026-01-07T18:48:29.179Z,868,12,103
2026-01-07T18:48:28.178Z,865,7,124
2026-01-07T18:48:27.176Z,861,8,89
2026-01-07T18:48:26.176Z,859,11,107
2026-01-07T18:48:25.175Z,861,13,69
2026-01-07T18:48:24.180Z,858,13,99
2026-01-07T18:48:23.174Z,861,14,57
2026-01-07T18:48:22.174Z,859,17,54
2026-01-07T18:48:21.172Z,857,15,73
2026-01-07T18:48:20.170Z,852,14,116
2026-01-07T18:48:19.172Z,853,13,125
2026-01-07T18:48:18.169Z,853,15,96
2026-01-07T18:48:17.167Z,858,10,95
2026-01-07T18:48:16.168Z,860,8,135
2026-01-07T18:48:15.167Z,863,13,72
2026-01-07T18:48:14.167Z,866,9,127
2026-01-07T18:48:13.167Z,862,9,114
2026-01-07T18:48:12.166Z,867,8,133
2026-01-07T18:48:11.165Z,868,9,124
2026-01-07T18:48:10.163Z,870,5,102
2026-01-07T18:48:09.162Z,866,9,97
2026-01-07T18:48:08.162Z,867,12,108
2026-01-07T18:48:07.161Z,872,13,90
2026-01-07T18:48:06.159Z,876,16,148
2026-01-07T18:48:05.158Z,871,16,109
2026-01-07T18:48:04.158Z,867,16,53
2026-01-07T18:48:03.156Z,872,13,139
2026-01-07T18:48:02.157Z,876,9,53
2026-01-07T18:48:01.155Z,871,9,60
2026-01-07T18:48:00.155Z,868,10,132
2026-01-07T18:47:59.152Z,872,6,90
2026-01-07T18:47:58.153Z,876,5,71
2026-01-07T18:47:57.153Z,877,0,88
2026-01-07T18:47:56.151Z,881,3,126
2026-01-07T18:47:55.149Z,886,5,89
2026-01-07T18:47:54.150Z,887,7,107
2026-01-07T18:47:53.148Z,888,7,88
2026-01-07T18:47:52.147Z,893,7,117
2026-01-07T18:47:51.147Z,889,11,70
2026-01-07T18:47:50.146Z,886,12,83
2026-01-07T18:47:49.146Z,886,16,149
2026-01-07T18:47:48.145Z,889,13,71
2026-01-07T18:47:47.144Z,885,9,88
2026-01-07T18:47:46.143Z,884,14,112
2026-01-07T18:47:45.143Z,881,13,140
2026-01-07T18:47:44.141Z,884,17,99
2026-01-07T18:47:43.140Z,887,15,130
2026-01-07T18:47:42.139Z,884,14,72
2026-01-07T18:47:41.139Z,885,13,127
2026-01-07T18:47:40.138Z,888,12,65
2026-01-07T18:47:39.137Z,889,14,68
2026-01-07T18:47:38.137Z,892,16,82
2026-01-07T18:47:37.137Z,889,14,70
2026-01-07T18:47:36.138Z,884,12,77
2026-01-07T18:47:35.136Z,879,13,128
2026-01-07T18:47:34.137Z,882,18,86
2026-01-07T18:47:33.136Z,879,14,101
2026-01-07T18:47:32.135Z,882,19,145
2026-01-07T18:47:31.136Z,882,17,143
2026-01-07T18:47:30.134Z,881,18,127
2026-01-07T18:47:29.132Z,881,13,111
2026-01-07T18:47:28.132Z,876,9,134
2026-01-07T18:47:27.131Z,877,5,90
2026-01-07T18:47:26.131Z,881,0,51
2026-01-07T18:47:25.128Z,883,3,99
2026-01-07T18:47:24.127Z,881,0,106
2026-01-07T18:47:23.127Z,877,1,113
2026-01-07T18:47:22.128Z,878,1,65
2026-01-07T18:47:21.126Z,876,5,109
2026-01-07T18:47:20.125Z,877,0,53
2026-01-07T18:47:19.123Z,877,2,119
2026-01-07T18:47:18.123Z,881,0,65
2026-01-07T18:47:17.122Z,876,1,63
2026-01-07T18:47:16.120Z,875,1,54
2026-01-07T18:47:15.121Z,874,3,131
2026-01-07T18:47:14.119Z,878,2,144
2026-01-07T18:47:13.123Z,878,5,109
2026-01-07T18:47:12.116Z,875,2,112
2026-01-07T18:47:11.115Z,875,0,63
2026-01-07T18:47:10.114Z,873,0,95
2026-01-07T18:47:09.114Z,872,2,94
2026-01-07T18:47:08.113Z,877,7,60
2026-01-07T18:47:07.113Z,882,11,126
2026-01-07T18:47:06.112Z,878,7,57
2026-01-07T18:47:05.112Z,874,9,92
2026-01-07T18:47:04.111Z,870,7,86
2026-01-07T18:47:03.109Z,869,12,93
2026-01-07T18:47:02.108Z,868,7,133
2026-01-07T18:47:01.107Z,867,9,82
2026-01-07T18:47:00.106Z,863,5,139
2026-01-07T18:46:59.105Z,864,3,115
2026-01-07T18:46:58.106Z,862,1,50
2026-01-07T18:46:57.104Z,865,5,80
2026-01-07T18:46:56.104Z,862,8,108
2026-01-07T18:46:55.103Z,867,8,149
2026-01-07T18:46:54.102Z,871,10,101
2026-01-07T18:46:53.102Z,875,7,52
2026-01-07T18:46:52.101Z,880,8,121
2026-01-07T18:46:51.100Z,882,8,76
2026-01-07T18:46:50.098Z,885,12,136
2026-01-07T18:46:49.098Z,889,11,96
2026-01-07T18:46:48.096Z,885,8,125
2026-01-07T18:46:47.096Z,884,11,116
2026-01-07T18:46:46.096Z,883,16,73
2026-01-07T18:46:45.096Z,885,17,132
2026-01-07T18:46:44.093Z,883,20,78
2026-01-07T18:46:43.093Z,879,18,127
2026-01-07T18:46:42.091Z,874,18,146
2026-01-07T18:46:41.093Z,875,14,92
2026-01-07T18:46:40.092Z,877,14,64
2026-01-07T18:46:39.090Z,882,13,57
2026-01-07T18:46:38.089Z,886,15,70
2026-01-07T18:46:37.090Z,884,18,97
2026-01-07T18:46:36.086Z,881,16,123
2026-01-07T18:46:35.086Z,886,15,67
2026-01-07T18:46:34.084Z,886,13,56
2026-01-07T18:46:33.083Z,883,13,67
2026-01-07T18:46:32.086Z,882,11,132
2026-01-07T18:46:31.082Z,885,8,51
2026-01-07T18:46:30.081Z,888,12,63
2026-01-07T18:46:29.079Z,888,14,112
2026-01-07T18:46:28.079Z,888,9,134
2026-01-07T18:46:27.076Z,883,6,77
2026-01-07T18:46:26.076Z,883,6,116
2026-01-07T18:46:25.075Z,887,11,77
2026-01-07T18:46:24.074Z,884,13,120
2026-01-07T18:46:23.073Z,886,17,93
2026-01-07T18:46:22.073Z,887,17,56
2026-01-07T18:46:21.072Z,886,13,97
2026-01-07T18:46:20.072Z,881,15,145
2026-01-07T18:46:19.070Z,886,17,54
2026-01-07T18:46:18.070Z,881,15,78
2026-01-07T18:46:17.069Z,882,12,77
2026-01-07T18:46:16.069Z,881,9,78
2026-01-07T18:46:15.067Z,878,10,88
2026-01-07T18:46:14.066Z,878,14,78
2026-01-07T18:46:13.065Z,883,13,147
2026-01-07T18:46:12.064Z,878,11,146
2026-01-07T18:46:11.062Z,879,7,82
2026-01-07T18:46:10.062Z,874,2,52
2026-01-07T18:46:09.063Z,877,2,80
2026-01-07T18:46:08.062Z,879,5,115
2026-01-07T18:46:07.061Z,880,1,141
2026-01-07T18:46:06.061Z,878,1,57
2026-01-07T18:46:05.060Z,879,5,106
2026-01-07T18:46:04.060Z,878,8,94
2026-01-07T18:46:03.059Z,877,7,67
2026-01-07T18:46:02.058Z,873,9,114
2026-01-07T18:46:01.057Z,876,6,138
2026-01-07T18:46:00.057Z,875,7,109
2026-01-07T18:45:59.058Z,880,12,86
2026-01-07T18:45:58.056Z,880,15,92
2026-01-07T18:45:57.055Z,885,11,63
2026-01-07T18:45:56.053Z,890,14,83
2026-01-07T18:45:55.053Z,888,10,80
2026-01-07T18:45:54.052Z,889,14,96
2026-01-07T18:45:53.051Z,886,12,126
2026-01-07T18:45:52.050Z,889,8,64
2026-01-07T18:45:51.049Z,891,5,110
2026-01-07T18:45:50.048Z,896,7,131
2026-01-07T18:45:49.048Z,895,6,106
2026-01-07T18:45:48.046Z,897,6,74
2026-01-07T18:45:47.054Z,896,8,83
2026-01-07T18:45:46.046Z,891,7,69
2026-01-07T18:45:45.043Z,892,3,138
2026-01-07T18:45:44.043Z,892,6,122
2026-01-07T18:45:43.041Z,895,4,84
2026-01-07T18:45:42.041Z,891,5,105
2026-01-07T18:45:41.042Z,892,7,119
2026-01-07T18:45:40.040Z,895,9,121
2026-01-07T18:45:39.039Z,899,5,149
2026-01-07T18:45:38.038Z,895,5,82
2026-01-07T18:45:37.038Z,890,2,145
2026-01-07T18:45:36.035Z,888,2,80
2026-01-07T18:45:35.055Z,890,0,59
2026-01-07T18:45:34.034Z,887,4,120
2026-01-07T18:45:33.049Z,890,0,138
2026-01-07T18:44:42.823Z,885,2,119
2026-01-07T18:44:41.822Z,881,6,78
2026-01-07T18:44:40.822Z,883,6,114
2026-01-07T18:44:39.820Z,882,6,83
2026-01-07T18:44:38.818Z,877,9,51
2026-01-07T18:44:37.820Z,881,7,141
2026-01-07T18:44:36.819Z,877,7,138
2026-01-07T18:44:35.818Z,876,4,132
2026-01-07T18:44:34.821Z,871,1,53
2026-01-07T18:44:33.818Z,870,0,126
2026-01-07T18:44:32.817Z,868,4,65
2026-01-07T18:44:31.818Z,872,0,60
2026-01-07T18:44:30.819Z,872,2,82
2026-01-07T18:44:29.816Z,874,1,91
2026-01-07T18:44:28.817Z,870,2,108
2026-01-07T18:44:27.825Z,871,2,125
2026-01-07T18:44:26.816Z,868,5,109
2026-01-07T18:44:25.815Z,869,5,134
2026-01-07T18:44:24.817Z,873,1,90
2026-01-07T18:44:23.818Z,875,4,54
2026-01-07T18:44:22.817Z,875,4,95
2026-01-07T18:44:21.814Z,879,6,129
2026-01-07T18:44:20.817Z,883,3,70
2026-01-07T18:44:19.814Z,885,6,109
2026-01-07T18:44:18.813Z,888,2,106
2026-01-07T18:44:17.811Z,891,0,61
2026-01-07T18:44:16.812Z,891,0,114
2026-01-07T18:44:15.811Z,896,0,145
2026-01-07T18:44:14.810Z,896,0,81
2026-01-07T18:44:13.809Z,894,3,116
2026-01-07T18:44:12.809Z,897,7,118
2026-01-07T18:44:11.808Z,902,3,115
2026-01-07T18:44:10.807Z,898,4,117
2026-01-07T18:44:09.806Z,897,1,76
2026-01-07T18:44:08.806Z,896,0,115
2026-01-07T18:44:07.805Z,899,2,148
2026-01-07T18:44:06.805Z,901,4,84
2026-01-07T18:44:05.804Z,903,7,125
2026-01-07T18:44:04.802Z,905,10,109
2026-01-07T18:44:03.804Z,908,8,121
2026-01-07T18:44:02.803Z,903,9,115
2026-01-07T18:44:01.800Z,902,9,94
2026-01-07T18:44:00.802Z,907,12,117
2026-01-07T18:43:59.799Z,910,11,142
2026-01-07T18:43:58.799Z,915,13,105
2026-01-07T18:43:57.800Z,917,13,145
2026-01-07T18:43:56.797Z,915,8,118
2026-01-07T18:43:55.796Z,918,10,120
2026-01-07T18:43:54.795Z,914,11,70
2026-01-07T18:43:53.794Z,910,8,68
2026-01-07T18:43:52.794Z,909,10,138
2026-01-07T18:43:51.792Z,913,7,52
2026-01-07T18:43:50.792Z,908,9,68
2026-01-07T18:43:49.792Z,913,4,102
2026-01-07T18:43:48.792Z,915,7,56
2026-01-07T18:43:47.793Z,920,9,123
2026-01-07T18:43:46.791Z,924,11,114
2026-01-07T18:43:45.790Z,925,8,68
2026-01-07T18:43:44.790Z,929,7,144
2026-01-07T18:43:43.797Z,926,10,62
2026-01-07T18:43:42.787Z,928,15,72
2026-01-07T18:43:41.788Z,927,14,68
2026-01-07T18:43:40.788Z,930,11,101
2026-01-07T18:43:39.787Z,934,9,81
2026-01-07T18:43:38.786Z,929,13,97
2026-01-07T18:43:37.785Z,925,9,149
2026-01-07T18:43:36.785Z,923,12,82
2026-01-07T18:43:35.784Z,927,14,140
2026-01-07T18:43:34.782Z,927,13,145
2026-01-07T18:43:33.782Z,923,8,117
2026-01-07T18:43:32.781Z,920,3,76
2026-01-07T18:43:31.778Z,925,6,65
2026-01-07T18:43:30.777Z,922,7,88
2026-01-07T18:43:29.778Z,917,4,64
2026-01-07T18:43:28.774Z,922,4,78
2026-01-07T18:43:27.776Z,920,0,89
2026-01-07T18:43:26.776Z,916,0,59
2026-01-07T18:43:25.775Z,914,0,109
2026-01-07T18:43:24.774Z,909,3,72
2026-01-07T18:43:23.771Z,914,0,88
2026-01-07T18:43:22.771Z,913,2,63
2026-01-07T18:43:21.769Z,911,0,66
2026-01-07T18:43:20.768Z,910,0,53
2026-01-07T18:43:19.769Z,915,0,58
2026-01-07T18:43:18.766Z,915,2,79
2026-01-07T18:43:17.765Z,919,2,91
2026-01-07T18:43:16.765Z,917,7,102
2026-01-07T18:43:15.765Z,922,4,141
2026-01-07T18:43:14.764Z,923,6,56
2026-01-07T18:43:13.765Z,928,4,139
2026-01-07T18:43:12.768Z,927,9,117
2026-01-07T18:43:11.761Z,928,14,97
2026-01-07T18:43:10.760Z,923,13,147
2026-01-07T18:43:09.760Z,920,9,139
2026-01-07T18:43:08.760Z,925,6,60
2026-01-07T18:43:07.761Z,928,2,102
2026-01-07T18:43:06.759Z,924,0,127
2026-01-07T18:43:05.760Z,927,0,105
2026-01-07T18:43:04.759Z,925,5,148
2026-01-07T18:43:03.758Z,930,5,115
2026-01-07T18:43:02.758Z,928,0,136
2026-01-07T18:43:01.766Z,926,0,69
2026-01-07T18:42:13.839Z,928,2,100
2026-01-07T18:42:12.838Z,926,5,83
2026-01-07T18:42:11.836Z,928,5,89
2026-01-07T18:42:10.835Z,930,5,60
2026-01-07T18:42:09.834Z,929,0,141
2026-01-07T18:42:08.835Z,928,0,138
2026-01-07T18:42:07.834Z,932,3,120
2026-01-07T18:42:06.832Z,937,0,95
2026-01-07T18:42:05.833Z,932,2,71
2026-01-07T18:42:04.832Z,929,4,107
2026-01-07T18:42:03.830Z,926,8,149
2026-01-07T18:42:02.831Z,926,7,53
2026-01-07T18:42:01.829Z,923,11,82
2026-01-07T18:42:00.828Z,924,15,86
2026-01-07T18:41:59.828Z,922,11,77
2026-01-07T18:41:58.827Z,926,16,73
2026-01-07T18:41:57.827Z,922,20,67
2026-01-07T18:41:56.826Z,922,17,112
2026-01-07T18:41:55.826Z,922,16,97
2026-01-07T18:41:54.824Z,923,18,131
2026-01-07T18:41:53.823Z,919,14,89
2026-01-07T18:41:52.821Z,914,17,109
2026-01-07T18:41:51.818Z,910,19,106
2026-01-07T18:41:50.819Z,911,14,140
2026-01-07T18:41:49.818Z,916,19,91
2026-01-07T18:41:48.818Z,913,15,59
2026-01-07T18:41:47.816Z,909,12,104
2026-01-07T18:41:46.815Z,912,12,104
2026-01-07T18:41:45.813Z,907,9,126
2026-01-07T18:41:44.813Z,911,7,146
2026-01-07T18:41:43.813Z,907,7,76
2026-01-07T18:41:42.811Z,904,2,73
2026-01-07T18:41:41.811Z,901,4,60
2026-01-07T18:41:40.810Z,906,2,116
2026-01-07T18:41:39.811Z,909,1,107
2026-01-07T18:41:38.810Z,914,5,116
2026-01-07T18:41:37.810Z,909,7,147
2026-01-07T18:41:36.808Z,906,5,97
2026-01-07T18:41:35.808Z,902,10,127
2026-01-07T18:41:34.806Z,905,15,78
2026-01-07T18:41:33.807Z,910,10,77
2026-01-07T18:41:32.806Z,909,14,138
2026-01-07T18:41:31.806Z,906,15,56
2026-01-07T18:41:30.805Z,911,12,87
2026-01-07T18:41:29.804Z,915,8,132
2026-01-07T18:41:28.805Z,913,7,119
2026-01-07T18:41:27.806Z,918,9,75
2026-01-07T18:41:26.802Z,915,8,109
2026-01-07T18:41:25.801Z,915,3,98
2026-01-07T18:41:24.799Z,918,1,119
2026-01-07T18:41:23.799Z,913,0,55
2026-01-07T18:41:22.798Z,918,0,142
2026-01-07T18:41:21.797Z,919,0,147
2026-01-07T18:41:20.796Z,914,3,119
2026-01-07T18:41:19.794Z,919,3,147
2026-01-07T18:41:18.793Z,921,0,69
2026-01-07T18:41:17.793Z,923,0,65
2026-01-07T18:41:16.792Z,926,0,90
2026-01-07T18:41:15.792Z,926,0,125
2026-01-07T18:41:14.793Z,926,0,58
2026-01-07T18:41:13.792Z,923,2,117
2026-01-07T18:41:12.793Z,925,3,110
2026-01-07T18:41:11.791Z,925,8,103
2026-01-07T18:41:10.790Z,925,9,59
2026-01-07T18:41:09.790Z,922,13,54
2026-01-07T18:41:08.796Z,922,12,136
2026-01-07T18:41:07.788Z,921,9,104
2026-01-07T18:41:06.787Z,916,14,113
2026-01-07T18:41:05.787Z,912,11,89
2026-01-07T18:41:04.788Z,916,9,126
2026-01-07T18:41:03.787Z,917,8,139
2026-01-07T18:41:02.786Z,913,13,55
2026-01-07T18:41:01.785Z,909,11,138
2026-01-07T18:41:00.785Z,905,11,144
2026-01-07T18:40:59.784Z,900,6,114
2026-01-07T18:40:58.785Z,899,6,64
2026-01-07T18:40:57.785Z,895,9,106
2026-01-07T18:40:56.785Z,892,5,146
2026-01-07T18:40:55.784Z,894,9,132
2026-01-07T18:40:54.781Z,898,9,76
2026-01-07T18:40:53.781Z,897,14,77
2026-01-07T18:40:52.783Z,897,14,68
2026-01-07T18:40:51.781Z,900,17,109
2026-01-07T18:40:50.780Z,898,13,76
2026-01-07T18:40:49.779Z,896,8,78
2026-01-07T18:40:48.778Z,893,6,111
2026-01-07T18:40:47.778Z,892,6,131
2026-01-07T18:40:46.778Z,897,9,76
2026-01-07T18:40:45.778Z,898,10,58
2026-01-07T18:40:44.777Z,899,11,85
2026-01-07T18:40:43.777Z,903,12,68
2026-01-07T18:40:42.776Z,908,15,83
2026-01-07T18:40:41.776Z,908,16,90
2026-01-07T18:40:40.774Z,906,15,79
2026-01-07T18:40:39.773Z,906,11,90
2026-01-07T18:40:38.774Z,910,11,135
2026-01-07T18:40:37.774Z,908,9,140
2026-01-07T18:40:36.774Z,911,13,71
2026-01-07T18:40:35.774Z,916,15,106
2026-01-07T18:40:34.774Z,917,17,118
2026-01-07T18:40:33.774Z,914,13,77
2026-01-07T18:40:32.774Z,911,18,78
2026-01-07T18:40:31.773Z,908,13,87
2026-01-07T18:40:30.771Z,903,17,128
2026-01-07T18:40:29.771Z,899,18,147
2026-01-07T18:40:28.769Z,904,15,56
2026-01-07T18:40:27.770Z,899,17,59
2026-01-07T18:40:26.770Z,904,22,52
2026-01-07T18:40:25.768Z,907,19,131
2026-01-07T18:40:24.769Z,904,23,116
2026-01-07T18:40:23.766Z,906,18,105
2026-01-07T18:40:22.768Z,908,13,133
2026-01-07T18:40:21.767Z,903,13,132
2026-01-07T18:40:20.767Z,903,18,88
2026-01-07T18:40:19.765Z,898,15,142
2026-01-07T18:40:18.768Z,894,12,52
2026-01-07T18:40:17.764Z,892,7,112
2026-01-07T18:40:16.764Z,889,5,81
2026-01-07T18:40:15.763Z,893,4,87
2026-01-07T18:40:14.766Z,891,5,98
2026-01-07T18:40:13.762Z,893,7,118
2026-01-07T18:40:12.763Z,896,2,97
2026-01-07T18:40:11.763Z,899,6,93
2026-01-07T18:40:10.761Z,894,2,101
2026-01-07T18:40:09.761Z,897,1,138
2026-01-07T18:40:08.760Z,901,2,88
2026-01-07T18:40:07.760Z,896,0,57
2026-01-07T18:40:06.759Z,899,0,88
2026-01-07T18:40:05.759Z,901,4,78
2026-01-07T18:40:04.759Z,899,4,121
2026-01-07T18:40:03.758Z,898,7,53
2026-01-07T18:40:02.758Z,899,11,112
2026-01-07T18:40:01.759Z,899,11,94
2026-01-07T18:40:00.758Z,902,13,119
2026-01-07T18:39:59.757Z,904,16,63
2026-01-07T18:39:58.756Z,899,12,62
2026-01-07T18:39:57.754Z,898,12,62
2026-01-07T18:39:56.753Z,899,8,121
2026-01-07T18:39:55.754Z,898,13,130
2026-01-07T18:39:54.753Z,896,8,110
2026-01-07T18:39:53.753Z,901,11,72
2026-01-07T18:39:52.751Z,904,10,83
2026-01-07T18:39:51.750Z,906,7,107
2026-01-07T18:39:50.752Z,908,7,54
2026-01-07T18:39:49.748Z,911,2,119
2026-01-07T18:39:48.749Z,910,0,50
2026-01-07T18:39:47.746Z,911,0,87
2026-01-07T18:39:46.745Z,911,0,100
2026-01-07T18:39:45.745Z,915,0,103
2026-01-07T18:39:44.745Z,912,0,91
2026-01-07T18:39:43.743Z,911,2,124
2026-01-07T18:39:42.744Z,913,5,96
2026-01-07T18:39:41.743Z,909,0,124
2026-01-07T18:39:40.743Z,913,3,72
2026-01-07T18:39:39.743Z,918,5,98
2026-01-07T18:39:38.742Z,915,9,141
2026-01-07T18:39:37.741Z,910,10,69
2026-01-07T18:39:36.742Z,909,11,120
2026-01-07T18:39:35.741Z,907,12,130
2026-01-07T18:39:34.741Z,903,7,59
2026-01-07T18:39:33.740Z,902,5,60
2026-01-07T18:39:32.740Z,899,8,84
2026-01-07T18:39:31.740Z,902,6,129
2026-01-07T18:39:30.739Z,901,10,100
2026-01-07T18:39:29.737Z,896,5,58
2026-01-07T18:39:28.738Z,895,2,112
2026-01-07T18:39:27.736Z,896,0,50
2026-01-07T18:39:26.737Z,895,3,113
2026-01-07T18:39:25.736Z,892,2,83
2026-01-07T18:39:24.734Z,893,5,110
2026-01-07T18:39:23.734Z,895,9,116
2026-01-07T18:39:22.733Z,891,9,128
2026-01-07T18:39:21.731Z,895,10,118
2026-01-07T18:39:20.730Z,897,10,129
2026-01-07T18:39:19.730Z,893,8,95
2026-01-07T18:39:18.730Z,888,13,97
2026-01-07T18:39:17.729Z,891,14,103
2026-01-07T18:39:16.729Z,886,14,117
2026-01-07T18:39:15.728Z,882,9,50
2026-01-07T18:39:14.726Z,877,9,69
2026-01-07T18:39:13.726Z,873,12,73
2026-01-07T18:39:12.726Z,871,7,126
2026-01-07T18:39:11.725Z,876,4,62
2026-01-07T18:39:10.723Z,872,9,59
2026-01-07T18:39:09.723Z,872,13,132
2026-01-07T18:39:08.722Z,871,10,76
2026-01-07T18:39:07.722Z,866,12,132
2026-01-07T18:39:06.721Z,870,10,103
2026-01-07T18:39:05.720Z,866,9,105
2026-01-07T18:39:04.720Z,869,7,97
2026-01-07T18:39:03.719Z,864,5,128
2026-01-07T18:39:02.720Z,859,4,99
2026-01-07T18:39:01.717Z,859,6,80
2026-01-07T18:39:00.718Z,859,8,87
2026-01-07T18:38:59.716Z,855,3,59
2026-01-07T18:38:58.717Z,859,0,106
2026-01-07T18:38:57.715Z,858,0,79
2026-01-07T18:38:56.713Z,856,0,61
2026-01-07T18:38:55.713Z,860,0,55
2026-01-07T18:38:54.713Z,855,2,89
2026-01-07T18:38:53.712Z,854,4,61
2026-01-07T18:38:52.713Z,850,0,93
2026-01-07T18:38:51.714Z,851,2,126
2026-01-07T18:38:50.712Z,850,4,99
2026-01-07T18:38:49.712Z,855,0,88
2026-01-07T18:38:48.710Z,859,0,81
2026-01-07T18:38:47.710Z,859,4,80
2026-01-07T18:38:46.709Z,854,0,62
2026-01-07T18:38:45.709Z,856,0,54
2026-01-07T18:38:44.711Z,853,0,68
2026-01-07T18:38:43.707Z,850,1,106
2026-01-07T18:38:42.707Z,851,0,119
2026-01-07T18:38:41.706Z,856,1,102
2026-01-07T18:38:40.705Z,854,5,53
2026-01-07T18:38:39.705Z,857,5,125
2026-01-07T18:38:38.711Z,862,5,124
2026-01-07T18:38:37.641Z,865,5,78
2026-01-07T18:38:36.641Z,865,0,137
2026-01-07T18:38:35.639Z,863,0,105
2026-01-07T18:38:34.638Z,864,1,59
2026-01-07T18:38:33.636Z,868,0,105
2026-01-07T18:38:32.635Z,863,0,85
2026-01-07T18:38:31.634Z,865,0,141
2026-01-07T18:38:30.634Z,861,0,89
2026-01-07T18:38:29.634Z,856,0,126
2026-01-07T18:38:28.635Z,858,2,113
2026-01-07T18:38:27.631Z,861,0,112
2026-01-07T18:38:26.630Z,861,0,122
2026-01-07T18:38:25.629Z,863,0,56
2026-01-07T18:38:24.629Z,859,1,134
2026-01-07T18:38:23.630Z,858,0,134
2026-01-07T18:38:22.629Z,855,0,123
2026-01-07T18:38:21.629Z,858,5,51
2026-01-07T18:38:20.630Z,858,2,72
2026-01-07T18:38:19.629Z,853,0,138
2026-01-07T18:38:18.628Z,849,3,80
2026-01-07T18:38:17.625Z,853,0,123
2026-01-07T18:38:16.624Z,856,0,60
2026-01-07T18:38:15.624Z,851,0,137
2026-01-07T18:38:14.623Z,849,1,107
2026-01-07T18:38:13.620Z,846,0,67
2026-01-07T18:38:12.622Z,842,0,132
2026-01-07T18:38:11.621Z,838,2,137
2026-01-07T18:38:10.623Z,843,0,146
2026-01-07T18:38:09.622Z,839,1,127
2026-01-07T18:38:08.620Z,838,0,67
2026-01-07T18:38:07.620Z,843,2,115
2026-01-07T18:38:06.619Z,838,7,141
2026-01-07T18:38:05.618Z,835,4,84
2026-01-07T18:38:04.617Z,838,5,105
2026-01-07T18:38:03.615Z,843,0,120
2026-01-07T18:38:02.615Z,841,0,51
2026-01-07T18:38:01.619Z,839,0,87
2026-01-07T18:38:00.614Z,844,2,145
2026-01-07T18:37:59.613Z,846,0,115
2026-01-07T18:37:58.618Z,846,0,86
2026-01-07T18:37:57.614Z,851,1,94
2026-01-07T18:37:56.614Z,846,5,100
2026-01-07T18:37:55.619Z,845,10,129
2026-01-07T18:37:55.224Z,845,7,116
2026-01-07T18:37:54.613Z,845,8,57
2026-01-07T18:37:53.640Z,844,3,78
2026-01-07T18:37:52.612Z,846,4,94
2026-01-07T18:37:51.610Z,843,9,108
2026-01-07T18:37:50.610Z,843,7,73
2026-01-07T18:37:49.608Z,845,10,50
2026-01-07T18:37:48.608Z,840,7,147
2026-01-07T18:37:47.609Z,842,11,115
2026-01-07T18:37:46.607Z,844,12,74
2026-01-07T18:37:45.606Z,842,12,146
2026-01-07T18:37:44.605Z,837,11,54
2026-01-07T18:37:43.604Z,842,8,133
2026-01-07T18:37:42.609Z,845,10,117
2026-01-07T18:37:41.604Z,842,8,138
2026-01-07T18:37:40.603Z,842,5,115
2026-01-07T18:37:39.603Z,839,3,121
2026-01-07T18:37:38.602Z,838,0,142
2026-01-07T18:37:37.601Z,834,3,88
2026-01-07T18:37:36.601Z,838,0,82
2026-01-07T18:37:35.600Z,835,0,55
2026-01-07T18:37:34.600Z,834,2,59
2026-01-07T18:37:33.599Z,830,2,140
2026-01-07T18:37:32.598Z,830,6,112
2026-01-07T18:37:31.597Z,832,4,103
2026-01-07T18:37:30.596Z,836,5,66
2026-01-07T18:37:29.596Z,832,10,104
2026-01-07T18:37:28.596Z,827,5,107
2026-01-07T18:37:27.594Z,822,0,100
2026-01-07T18:37:26.593Z,819,0,128
2026-01-07T18:37:25.593Z,818,0,147
2026-01-07T18:37:24.591Z,815,0,146
2026-01-07T18:37:23.591Z,820,3,74
2026-01-07T18:37:22.590Z,819,4,74
2026-01-07T18:37:21.590Z,816,5,143
2026-01-07T18:37:20.588Z,820,5,140
2026-01-07T18:37:19.588Z,817,9,119
2026-01-07T18:37:18.587Z,814,4,127
2026-01-07T18:37:17.586Z,809,6,61
2026-01-07T18:37:16.585Z,813,7,123
2026-01-07T18:37:15.583Z,814,7,149
2026-01-07T18:37:14.585Z,819,11,62
2026-01-07T18:37:13.584Z,824,16,107
2026-01-07T18:37:12.581Z,828,20,57
2026-01-07T18:37:11.583Z,824,18,57
2026-01-07T18:37:10.582Z,822,17,82
2026-01-07T18:37:09.580Z,827,13,138
2026-01-07T18:37:08.579Z,832,10,75
2026-01-07T18:37:07.580Z,831,6,93
2026-01-07T18:37:06.577Z,834,9,100
2026-01-07T18:37:05.577Z,836,8,143
2026-01-07T18:37:04.583Z,836,3,129
2026-01-07T18:37:03.587Z,841,2,115
2026-01-07T18:37:02.574Z,845,6,101
2026-01-07T18:37:01.575Z,840,9,67
2026-01-07T18:37:00.574Z,839,14,111
2026-01-07T18:36:59.572Z,837,19,91
2026-01-07T18:36:58.573Z,838,16,102
2026-01-07T18:36:57.573Z,843,15,130
2026-01-07T18:36:56.570Z,845,20,143
2026-01-07T18:36:55.572Z,845,25,130
2026-01-07T18:36:54.571Z,847,30,91
2026-01-07T18:36:53.570Z,843,28,70
2026-01-07T18:36:52.570Z,839,24,125
2026-01-07T18:36:51.570Z,836,20,73
2026-01-07T18:36:50.570Z,837,23,119
2026-01-07T18:36:49.568Z,840,18,142
2026-01-07T18:36:48.572Z,841,23,82
2026-01-07T18:36:47.566Z,843,26,57
2026-01-07T18:36:46.566Z,839,30,95
2026-01-07T18:36:45.571Z,843,35,117
2026-01-07T18:36:44.565Z,845,37,56
2026-01-07T18:36:43.577Z,850,42,64
2026-01-07T18:36:43.481Z,845,42,50